{"meta": {"format": 3, "version": "7.11.0", "timestamp": "2025-11-04T06:20:36.713219", "branch_coverage": false, "show_contexts": false}, "files": {"client/client.py": {"executed_lines": [1, 2, 3, 4, 7, 8, 25, 36, 37, 38, 39, 40, 41, 42, 43, 45, 56, 57, 58, 60, 61, 63, 66, 67, 69, 71, 75, 80, 81, 82, 84, 87, 88, 99, 100, 103, 104, 126, 140, 143, 144, 146, 148, 149, 152, 153, 156, 157, 158, 173, 177, 178, 179, 180, 181, 185, 189], "summary": {"covered_lines": 55, "num_statements": 97, "percent_covered": 56.70103092783505, "percent_covered_display": "56.70", "missing_lines": 42, "excluded_lines": 25}, "missing_lines": [72, 73, 76, 77, 78, 85, 90, 91, 92, 93, 94, 95, 96, 97, 109, 110, 113, 114, 115, 116, 119, 120, 121, 122, 123, 124, 141, 154, 160, 161, 162, 163, 164, 165, 166, 167, 168, 169, 170, 171, 182, 183], "excluded_lines": [189, 190, 191, 192, 193, 194, 195, 196, 197, 198, 199, 200, 201, 202, 203, 204, 205, 206, 207, 208, 209, 210, 211, 212, 213], "functions": {"StringSearchClient.__init__": {"executed_lines": [36, 37, 38, 39, 40, 41, 42, 43], "summary": {"covered_lines": 8, "num_statements": 8, "percent_covered": 100.0, "percent_covered_display": "100.00", "missing_lines": 0, "excluded_lines": 0}, "missing_lines": [], "excluded_lines": []}, "StringSearchClient.connect": {"executed_lines": [56, 57, 58, 60, 61, 63, 66, 67, 69, 71, 75, 80, 81, 82, 84, 87, 88, 99, 100, 103, 104], "summary": {"covered_lines": 21, "num_statements": 47, "percent_covered": 44.680851063829785, "percent_covered_display": "44.68", "missing_lines": 26, "excluded_lines": 0}, "missing_lines": [72, 73, 76, 77, 78, 85, 90, 91, 92, 93, 94, 95, 96, 97, 109, 110, 113, 114, 115, 116, 119, 120, 121, 122, 123, 124], "excluded_lines": []}, "StringSearchClient.send_query": {"executed_lines": [140, 143, 144, 146, 148, 149, 152, 153, 156, 157, 158], "summary": {"covered_lines": 11, "num_statements": 25, "percent_covered": 44.0, "percent_covered_display": "44.00", "missing_lines": 14, "excluded_lines": 0}, "missing_lines": [141, 154, 160, 161, 162, 163, 164, 165, 166, 167, 168, 169, 170, 171], "excluded_lines": []}, "StringSearchClient.close": {"executed_lines": [177, 178, 179, 180, 181, 185], "summary": {"covered_lines": 6, "num_statements": 8, "percent_covered": 75.0, "percent_covered_display": "75.00", "missing_lines": 2, "excluded_lines": 0}, "missing_lines": [182, 183], "excluded_lines": []}, "": {"executed_lines": [1, 2, 3, 4, 7, 8, 25, 45, 126, 173, 189], "summary": {"covered_lines": 9, "num_statements": 9, "percent_covered": 100.0, "percent_covered_display": "100.00", "missing_lines": 0, "excluded_lines": 25}, "missing_lines": [], "excluded_lines": [189, 190, 191, 192, 193, 194, 195, 196, 197, 198, 199, 200, 201, 202, 203, 204, 205, 206, 207, 208, 209, 210, 211, 212, 213]}}, "classes": {"StringSearchClient": {"executed_lines": [36, 37, 38, 39, 40, 41, 42, 43, 56, 57, 58, 60, 61, 63, 66, 67, 69, 71, 75, 80, 81, 82, 84, 87, 88, 99, 100, 103, 104, 140, 143, 144, 146, 148, 149, 152, 153, 156, 157, 158, 177, 178, 179, 180, 181, 185], "summary": {"covered_lines": 46, "num_statements": 88, "percent_covered": 52.27272727272727, "percent_covered_display": "52.27", "missing_lines": 42, "excluded_lines": 0}, "missing_lines": [72, 73, 76, 77, 78, 85, 90, 91, 92, 93, 94, 95, 96, 97, 109, 110, 113, 114, 115, 116, 119, 120, 121, 122, 123, 124, 141, 154, 160, 161, 162, 163, 164, 165, 166, 167, 168, 169, 170, 171, 182, 183], "excluded_lines": []}, "": {"executed_lines": [1, 2, 3, 4, 7, 8, 25, 45, 126, 173, 189], "summary": {"covered_lines": 9, "num_statements": 9, "percent_covered": 100.0, "percent_covered_display": "100.00", "missing_lines": 0, "excluded_lines": 25}, "missing_lines": [], "excluded_lines": [189, 190, 191, 192, 193, 194, 195, 196, 197, 198, 199, 200, 201, 202, 203, 204, 205, 206, 207, 208, 209, 210, 211, 212, 213]}}}, "server/__init__.py": {"executed_lines": [1, 10], "summary": {"covered_lines": 1, "num_statements": 1, "percent_covered": 100.0, "percent_covered_display": "100.00", "missing_lines": 0, "excluded_lines": 0}, "missing_lines": [], "excluded_lines": [], "functions": {"": {"executed_lines": [1, 10], "summary": {"covered_lines": 1, "num_statements": 1, "percent_covered": 100.0, "percent_covered_display": "100.00", "missing_lines": 0, "excluded_lines": 0}, "missing_lines": [], "excluded_lines": []}}, "classes": {"": {"executed_lines": [1, 10], "summary": {"covered_lines": 1, "num_statements": 1, "percent_covered": 100.0, "percent_covered_display": "100.00", "missing_lines": 0, "excluded_lines": 0}, "missing_lines": [], "excluded_lines": []}}}, "server/config.py": {"executed_lines": [1, 15, 16, 17, 18, 20, 23, 24, 53, 54, 55, 56, 57, 58, 59, 60, 61, 62, 63, 65, 67, 73, 74, 77, 79, 80, 81, 82, 83, 84, 85, 86, 88, 89, 92, 94, 95, 96, 98, 99, 100, 101, 102, 103, 104, 105, 106, 107, 108, 112, 118, 119, 120, 121, 125, 126, 127, 128, 129, 130, 131, 132, 133, 134, 135, 136, 137, 138, 139, 140, 141, 145, 151, 167, 179], "summary": {"covered_lines": 71, "num_statements": 92, "percent_covered": 77.17391304347827, "percent_covered_display": "77.17", "missing_lines": 21, "excluded_lines": 15}, "missing_lines": [109, 113, 115, 116, 117, 143, 148, 149, 153, 154, 155, 156, 157, 158, 159, 160, 161, 162, 163, 164, 165], "excluded_lines": [167, 168, 169, 170, 171, 172, 173, 174, 175, 179, 180, 181, 182, 183, 184], "functions": {"Config.__init__": {"executed_lines": [54, 55, 56, 57, 58, 59, 60, 61, 62, 63, 65], "summary": {"covered_lines": 11, "num_statements": 11, "percent_covered": 100.0, "percent_covered_display": "100.00", "missing_lines": 0, "excluded_lines": 0}, "missing_lines": [], "excluded_lines": []}, "Config._load_config": {"executed_lines": [73, 74, 77, 79, 80, 81, 82, 83, 84, 85, 86, 88, 89, 92, 94, 95, 96, 98, 99, 100, 101, 102, 103, 104, 105, 106, 107, 108, 112, 118, 119, 120, 121, 125, 126, 127, 128, 129, 130, 131, 132, 133, 134, 135, 136, 137, 138, 139, 140, 141, 145, 151], "summary": {"covered_lines": 52, "num_statements": 73, "percent_covered": 71.23287671232876, "percent_covered_display": "71.23", "missing_lines": 21, "excluded_lines": 0}, "missing_lines": [109, 113, 115, 116, 117, 143, 148, 149, 153, 154, 155, 156, 157, 158, 159, 160, 161, 162, 163, 164, 165], "excluded_lines": []}, "Config.__repr__": {"executed_lines": [], "summary": {"covered_lines": 0, "num_statements": 0, "percent_covered": 100.0, "percent_covered_display": "100.00", "missing_lines": 0, "excluded_lines": 8}, "missing_lines": [], "excluded_lines": [168, 169, 170, 171, 172, 173, 174, 175]}, "": {"executed_lines": [1, 15, 16, 17, 18, 20, 23, 24, 53, 67, 167, 179], "summary": {"covered_lines": 8, "num_statements": 8, "percent_covered": 100.0, "percent_covered_display": "100.00", "missing_lines": 0, "excluded_lines": 7}, "missing_lines": [], "excluded_lines": [167, 179, 180, 181, 182, 183, 184]}}, "classes": {"Config": {"executed_lines": [54, 55, 56, 57, 58, 59, 60, 61, 62, 63, 65, 73, 74, 77, 79, 80, 81, 82, 83, 84, 85, 86, 88, 89, 92, 94, 95, 96, 98, 99, 100, 101, 102, 103, 104, 105, 106, 107, 108, 112, 118, 119, 120, 121, 125, 126, 127, 128, 129, 130, 131, 132, 133, 134, 135, 136, 137, 138, 139, 140, 141, 145, 151], "summary": {"covered_lines": 63, "num_statements": 84, "percent_covered": 75.0, "percent_covered_display": "75.00", "missing_lines": 21, "excluded_lines": 8}, "missing_lines": [109, 113, 115, 116, 117, 143, 148, 149, 153, 154, 155, 156, 157, 158, 159, 160, 161, 162, 163, 164, 165], "excluded_lines": [168, 169, 170, 171, 172, 173, 174, 175]}, "": {"executed_lines": [1, 15, 16, 17, 18, 20, 23, 24, 53, 67, 167, 179], "summary": {"covered_lines": 8, "num_statements": 8, "percent_covered": 100.0, "percent_covered_display": "100.00", "missing_lines": 0, "excluded_lines": 7}, "missing_lines": [], "excluded_lines": [167, 179, 180, 181, 182, 183, 184]}}},